{
  "Parameters": {
    "Version": "0.3",
    "Time step (min)": 60,
    "Power balance penalty ($/MW)": 12533.0,
    "Scenario name": "s1",
    "Scenario weight": 1.0,
    "Time horizon (h)": 72
  },

  "Generators": {
    "solar": {
      "Bus": "b1",
      "Type": "Profiled",
      "Cost ($/MW)": 0,
      "Minimum power (MW)": 0,
      "Maximum power (MW)": [
        0.0, 0.0, 0.0, 0.0, 0.0, 0.0,
        0.0292, 1.83666, 25.74246, 75.73192,
        133.20517, 179.15818, 207.19835, 216.53289,
        206.61954, 180.53128, 141.61805, 91.79679,
        39.01532, 3.62683,
        0.0, 0.0, 0.0, 0.0, 0.0, 0.0, 0.0, 0.0, 0.0, 0.0,
        0.03188, 1.67379, 27.395089999999996, 81.21395000000001,
        141.17973, 188.17365, 216.44816000000003, 225.08655,
        213.64732999999998, 185.52186999999998,
        146.42215, 96.90802, 42.100590000000004, 4.09638,
        0.0, 0.0, 0.0, 0.0, 0.0, 0.0, 0.0, 0.0, 0.0, 0.0,
        0.03985, 1.97842, 28.90016, 81.19221,
        136.44844, 180.48615999999998, 208.04735, 215.65100999999999,
        204.53688, 179.4709, 142.4864, 94.10057,
        41.34744, 4.52811,
        0.0, 0.0, 0.0, 0.0
      ]
    },

    "gen_83802dcb": {
      "Bus": "b1",
      "Type": "Thermal",

      "Production cost curve (MW)": {
        "0": 120.0,
        "1": 200.0,
        "2": 320.0,
        "3": 380.0,
        "4": 431.0
      },

      "Production cost curve ($)": {
        "0": 9266.68067,
        "1": 13312.30891,
        "2": 19490.73249,
        "3": 22788.45032,
        "4": 25619.26355
      },

      "Startup costs ($)": [11456.376],
      "Startup delays (h)": [4.0],

      "Ramp up limit (MW)": 529.8,
      "Ramp down limit (MW)": 742.8000000000001,
      "Startup limit (MW)": 529.8,
      "Shutdown limit (MW)": 742.8000000000001,
      "Minimum downtime (h)": 4.0,
      "Minimum uptime (h)": 4.0,
      "Reserve eligibility": [],
      "Initial power (MW)": 431.0,
      "Initial status (h)": 4.0
    },

    "gen_a49f469e": {
      "Bus": "b1",
      "Type": "Thermal",

      "Production cost curve (MW)": {
        "0": 8.0,
        "1": 53.0
      },

      "Production cost curve ($)": {
        "0": 3648.52761,
        "1": 10407.95515
      },

      "Startup costs ($)": [108.74896],
      "Startup delays (h)": [1.0],

      "Ramp up limit (MW)": 3000.0,
      "Ramp down limit (MW)": 3000.0,
      "Startup limit (MW)": 3000.0,
      "Shutdown limit (MW)": 3000.0,
      "Minimum downtime (h)": 1.0,
      "Minimum uptime (h)": 1.0,
      "Reserve eligibility": [],
      "Initial power (MW)": 0.0,
      "Initial status (h)": -1.0
    },

    "gen_2d6ce3de": {
      "Bus": "b1",
      "Type": "Profiled",
      "Cost ($/MW)": 0,
      "Minimum power (MW)": 0,
      "Maximum power (MW)": 24.0
    }
  },

  "Storage units": {
    "sto_fe3c6fe7": {
      "Bus": "b1",
      "Maximum level (MWh)": 30.0,
      "Allow simultaneous charging and discharging": 0,
      "Charge cost ($/MW)": 0,
      "Discharge cost ($/MW)": 0,
      "Charge efficiency": 0.94,
      "Discharge efficiency": 0.94,
      "Maximum charge rate (MW)": 15.0,
      "Maximum discharge rate (MW)": 60.0,
      "Initial level (MWh)": 6.0,
      "Last period minimum level (MWh)": 6.0
    }
  },

  "Buses": {
    "b1": {
      "Load (MW)": {
        "0": 4238, "1": 4005, "2": 3796, "3": 3661, "4": 3566, "5": 3555,
        "6": 3573, "7": 3721, "8": 4050, "9": 4556, "10": 4974, "11": 5252,
        "12": 5461, "13": 5465, "14": 5305, "15": 5262, "16": 5332, "17": 5553,
        "18": 5664, "19": 5692, "20": 5417, "21": 5021, "22": 4613, "23": 4475,
        "24": 3880, "25": 3693, "26": 3592, "27": 3499, "28": 3488, "29": 3613,
        "30": 4102, "31": 4798, "32": 5477, "33": 5726, "34": 5736, "35": 5743,
        "36": 5761, "37": 5634, "38": 5525, "39": 5534, "40": 5698, "41": 5918,
        "42": 5856, "43": 5780, "44": 5881, "45": 5499, "46": 4808, "47": 4200,
        "48": 4186, "49": 3975, "50": 3829, "51": 3749, "52": 3752, "53": 3884,
        "54": 4402, "55": 5393, "56": 5821, "57": 6038, "58": 5992, "59": 5907,
        "60": 5894, "61": 5731, "62": 5643, "63": 5699, "64": 5884, "65": 6128,
        "66": 6251, "67": 6560, "68": 6304, "69": 5824, "70": 5132, "71": 4713
      }
    }
  }
}
